{
  "best_metrics": {
    "loss": 0.5912363181298382,
    "toxicity_acc": 0.9421786960021465,
    "category_f1": 0.689495843004353,
    "epoch": 18
  },
  "train_loss": [
    2.8495431009450867,
    2.1998651025974016,
    1.8197685423838734,
    1.48103732245845,
    1.1197702943511276,
    0.8950594930519191,
    0.7939516441931199,
    0.7359920068616007,
    0.718968935150957,
    0.6819796153745256,
    0.6653681278484573,
    0.6477329199320939,
    0.6324700190018175,
    0.6212330069153094,
    0.6030205697119663,
    0.6049179656481709,
    0.6026313669009611,
    0.5877167052550718,
    0.5745200576615095,
    0.5689143254095222,
    0.5612591743810323,
    0.5573353326542354,
    0.5488298858525245,
    0.5417882360102281
  ],
  "val_loss": [
    1.864980112841201,
    1.5414644142077205,
    1.4417876864707522,
    1.4054611184566317,
    1.1503130849850536,
    0.7416217958978317,
    0.7072826064963198,
    0.6852908172832538,
    0.6271206178890277,
    0.6002470494084092,
    0.6323061425542627,
    0.6398192472723933,
    0.6023302245805192,
    0.5976584861974348,
    0.6272012225548085,
    0.6103381785712017,
    0.5913375728631736,
    0.5912363181298382,
    0.6127478637664615,
    0.6116637574756606,
    0.5940052290075327,
    0.6184049452067445,
    0.6256325439322148,
    0.6046423478443735
  ],
  "val_toxicity_acc": [
    0.3873088274751811,
    0.5419908773812718,
    0.5607727394687416,
    0.5843842232358465,
    0.7413469278239871,
    0.8965656023611484,
    0.907566407298095,
    0.9158840890796888,
    0.9169573383418299,
    0.9298363294875235,
    0.9237993023879796,
    0.9353367319559968,
    0.9435202575798229,
    0.9370807620069761,
    0.9339951703783204,
    0.9370807620069761,
    0.939763885162329,
    0.9421786960021465,
    0.9416420713710759,
    0.9411054467400054,
    0.9401663536356318,
    0.9424470083176818,
    0.9440568822108935,
    0.9459350684196405
  ],
  "val_category_f1": [
    0.019949969276728156,
    0.08251601353053366,
    0.1050389395804425,
    0.13255064140884548,
    0.30689966369684923,
    0.505998026718786,
    0.7072853968742597,
    0.7392944252143051,
    0.6400578055316671,
    0.6017995591192699,
    0.6234569452572088,
    0.6326755489735187,
    0.7434158053981497,
    0.6636748883271522,
    0.5991399096384471,
    0.6842304588506793,
    0.6616065791716491,
    0.689495843004353,
    0.7247939503128223,
    0.721431150836909,
    0.599395413612442,
    0.6867905192526259,
    0.7654769666581667,
    0.7290374607037309
  ],
  "learning_rates": [
    1.9999999999999998e-05,
    2.817974076626948e-05,
    5.216139507338314e-05,
    9.031026529318702e-05,
    0.00014002595251798056,
    0.00019791961146846604,
    0.0002600449494594285,
    0.00032216722349267667,
    0.00038005189942318465,
    0.00042975329688885996,
    0.0004678835446647816,
    0.0004918435132329439,
    0.00049999999677951,
    0.0004984236193461455,
    0.0004937232965165641,
    0.00048595813757753854,
    0.0004752257939081772,
    0.0004616612309571732,
    0.0004454350309739781,
    0.00042675124783804106,
    0.00040584484096288005,
    0.00038297872054513004,
    0.00035844044131627635,
    0.00033253858637506293
  ],
  "test_accuracy": 0.94083713442447,
  "test_category_f1": 0.6603376569107638,
  "ood_accuracy": 0.953581969412396,
  "ood_category_f1": 0.6605352835917637,
  "performance_gap": {
    "accuracy_gap": -0.012208210356855376,
    "accuracy_drop_percent": -1.296850505914208,
    "category_f1_gap": 0.0013524775475189932,
    "category_f1_drop_percent": 0.20433638857304506
  }
}